Gymnasium	Astronomie	102	9cjTKVuDahLZoTLY4G6P
Gymnasium	Auf dem Weg ins Berufsleben	110	f34IwDJFha7chpOP8Yf8
Gymnasium	Biologie	522	OF2Vfum2JVmFeuc2FOuf
Gymnasium	Biotechnologie und Bionik	128	AsKHlYKxndPmx9V71TB1
Gymnasium	Chemie	521	lnuYavMOfLLQRd2MlehG
Gymnasium	Chinesisch	113	u1arxH19cl9p8lGSmWss
Gymnasium	Deutsch	135	f3QLnBqlLcQXq3XngWT5
Gymnasium	Deutsch als Zweitsprache	109	l19mxtXg55h54JcbnhMD
Gymnasium	Englisch	816	Ot016RpUeeLWYkna0Y8m
Gymnasium	Ethik	77	f2womb9lxLdLa8ZBXrEU
Gymnasium	Evangelische Religion	78	kCYO80uqfDQb3965rFxw
Gymnasium	Französisch	817	7GljXHELxW0En0YBi76D
Gymnasium	Französisch	98	lp41FDcHqKv4e8YOkvII
Gymnasium	Französisch AbiBac	100	d5h5ntoANCFkEUUq3bK7
Gymnasium	Gemeinschaftskunde/Rechtserziehung/Wirtschaft	76	1IrLTgST5OTPa55GLt6b
Gymnasium	Geographie	74	TW0vpUfkS9CpWtVqUl1f
Gymnasium	Geographie AbiBac	85	Q7Zqve8tph151OPEjhcj
Gymnasium	Geschichte	65	aCaTu4iKflh2vcW3XobR
Gymnasium	Geschichte - bikulturell - AbiBac	84	WWdnRxCgYCBfioV7DrVV
Gymnasium	Graecum und antike Kultur	458	c8q17asN6VL99WZVC6X5
Gymnasium	Graecum und antike Kultur	457	fkYTrXgrJfgcC6s1hr5U
Gymnasium	Griechisch	134	ZE2ooNwSDQxxquv2kkg4
Gymnasium	Herkunftssprache - Ersatz für 2. Fremdsprache	137	qLopdmCOimSiJj0etnFG
Gymnasium	Herkunftssprache im Wahlbereich	446	E1TOdv7VCxHeowb9qFDt
Gymnasium	Informatik	630	fTqTlkXseYZLUMB5l3pV
Gymnasium	Informatik	127	qb9w7fpSurD6UAPvSZaw
Gymnasium	Italienisch	136	ouOqFbAlRhv9JQDa7krJ
Gymnasium	Jüdische Religion	453	qDEtLK6rI7rkanFurJJc
Gymnasium	Katholische Religion	81	DL4ECnCrUqaBJMxGwlGu
Gymnasium	Kunst	86	UCqcw84ZFLifw8o76Aii
Gymnasium	Latein	116	MLOSQ7710uwoLPeItHYx
Gymnasium	Latinum und antike Kultur	460	lALHuekgBj4HWDSR6rAf
Gymnasium	Latinum und antike Kultur	459	SYfTDKgPvIT8iL63GNhI
Gymnasium	Mathematik	461	SPos4aG4oIhjKYDcHVW8
Gymnasium	Musik	151	kt59cSJLV8VXDSSgWXfa
Gymnasium	Philosophie	94	iSaHUH0elBsdMaL6Dhc3
Gymnasium	Physik	523	brEvxekIvE368J1fdpso
Gymnasium	Polnisch	138	APDX71roPXdHGfiR9ADB
Gymnasium	Russisch	140	QN3ftiDo65dHhOxo7JKO
Gymnasium	Schulspezifisches Profil	129	kabaFe2J65S1iAaqJMrN
Gymnasium	Schulspezifisches Profil Unternehmerische Bildung	903	VOMoTOCCGBXNsox2nvES
Gymnasium	Sorbisch	111	ZLuIMg7Fk6qsXlBfefMb
Gymnasium	Sorbisch im Wahlbereich	133	LILKbaKcFqMGUqKHoGXs
Gymnasium	Spanisch	115	ortYFqmIrIQpobjHCWJR
Gymnasium	Sport	198	ULToon4uOU368iEb8G9f
Gymnasium	Technik/Computer	130	4s9PA34U2cbjA3nBKjLw
Gymnasium	Tschechisch	114	VjRaJwmJ9oeGYiRbVStn
Oberschule	Biologie	95	LnLUc96DWKJdmHHeVVIS
Oberschule	Chemie	126	3dX0LbmYg3xg1RQdZ6di
Oberschule	Deutsch	106	j6g2AUgJccwrFe0xXj6r
Oberschule	Deutsch als Zweitsprache	109	l19mxtXg55h54JcbnhMD
Oberschule	Englisch	103	lNNc0Vwg9JUV4ALU7N9q
Oberschule	Ethik	96	78wU1F5S0Sx7dRgxeB1U
Oberschule	Evangelische Religion	105	MHaTDgsEbsAl1xLIpqWg
Oberschule	Gemeinschaftskunde/Rechtserziehung	70	PDGWdwQlvRN8L7e9LeCq
Oberschule	Geographie	99	sOLQqd2RZcRXG6DQCwdH
Oberschule	Geschichte	66	gDx5PLSmVdrE0vN7n3G3
Oberschule	Herkunftssprache - Ersatz für 2. Fremdsprache	108	srYFIk6jB4XD50TkaDqn
Oberschule	Herkunftssprache im Wahlbereich	895	JIeKGNUdoA2TqpWMsveD
Oberschule	Informatik	514	eO3sY571qOGqEqH3YXT3
Oberschule	Jüdische Religion	455	1qF1FlKfoWkIgkJk11eF
Oberschule	Katholische Religion	107	eXVaHBYdddGvbhmwRsiu
Oberschule	Kunst	120	5Q7Y2EDBMa1GSeXaVvHr
Oberschule	Mathematik	67	LBki8uwfGrSWPImJne29
Oberschule	Musik	148	ZCk2Mo7IXHNveK0od4BU
Oberschule	Physik	141	KiXKV8cBpuPsdsCG0EWx
Oberschule	Sorbisch	118	r03qY1ME67gDLtSlIltZ
Oberschule	Sorbisch im Wahlbereich	133	LILKbaKcFqMGUqKHoGXs
Oberschule	Sport	265	JpCEAaL4jCWbCOuheKW2
Oberschule	Technik/Computer	123	pxfK3JSZeJCX6fFuw9Q8
Oberschule	Wirtschaft-Technik-Haushalt/Soziales	112	72IQFEMYCa1sGCx08Nrb
Oberschule	2. Fremdsprache	117	w1DPBDh41mufC9xIQYOr
Berufliches Gymnasium	Biologie	544	si4qtNxftJNXFMIrTQUc
Berufliches Gymnasium	Chemie	545	AUDGMgPwpQ1E8rHC0Vej
Berufliches Gymnasium	Deutsch	196	sETX519bkfn2UN6rf9Xb
Berufliches Gymnasium	Englisch	201	i9AESlAeNLbvWpOUwVIX
Berufliches Gymnasium	Ethik	206	Honwo0ilWtlBYtACRPTw
Berufliches Gymnasium	Evangelische Religion	257	ZkXj2YKveo3sVjxGYmdU
Berufliches Gymnasium	Geschichte/Gemeinschaftskunde	188	iJ6TWQK4MQ6V4CObv1dr
Berufliches Gymnasium	Informatik	933	O8JFFOc9eI6vDtPxS8oW
Berufliches Gymnasium	Informatik	203	PWCBh4b0P7rBmKgtYqrR
Berufliches Gymnasium	Katholische Religion	258	GULvLge25Z16dX9fK9wK
Berufliches Gymnasium	Kunst	213	80vTaMvMhigad28ZGjMu
Berufliches Gymnasium	Literatur	533	fKekcEZW5aSp1l3hoUcu
Berufliches Gymnasium	Mathematik	931	dFdVFsvqOLXuXn9oVF3q
Berufliches Gymnasium	Mathematik	183	LpA8fO0l8cf8EjT4GVYR
Berufliches Gymnasium	Musik	200	GmgX1m2tXm3lP3tUeAfx
Berufliches Gymnasium	Physik	543	LqTdt3LN20ncFsbxi5nI
Berufliches Gymnasium	Sport	365	hcICXVFqGxHTYkJ29Wpr
Berufliches Gymnasium	Wirtschaftsgeographie	240	vL9skeudiVCIpDlxH7C9
Berufliches Gymnasium	Wirtschaftslehre/Recht	932	UUKaiMfJ3trqxrMJTwCb
Berufliches Gymnasium	Wirtschaftslehre/Recht	209	fxl3gdECqTbqm0sitJ3s
Berufliches Gymnasium	Wirtschaftslehre/Recht mit bilingualen Modulen	236	WQrgwu10UrBB53F6VWts
Berufliches Gymnasium	Wissenschaftliches Praktikum	211	qvgN80DA9liDucw5WjZk
Berufliches Gymnasium	2. Fremdsprache Französisch	184	WXJgKCYniCJlVWfP1Ecw
Berufliches Gymnasium	2. Fremdsprache Latein	555	kS0qKRnMWdVmBnraD8hv
Berufliches Gymnasium	2. Fremdsprache Polnisch	216	j9IVOXmeZH03AfFtd28v
Berufliches Gymnasium	2. Fremdsprache Russisch	230	mfcDLqelfZgGTA04YK5m
Berufliches Gymnasium	2. Fremdsprache Spanisch	906	gJpGZ4oNBEqUNUG3cCUb
Berufliches Gymnasium	2. Fremdsprache Tschechisch	218	LPc1iJ0PWc9iAq3Sduad
Berufliches Gymnasium	Agrartechnik mit Biologie (FR Agrarwissenschaft)	190	PZBiGmUDtpra4Oo528pP
Berufliches Gymnasium	Umweltanalytik (FR Agrarwissenschaft)	210	ItBbUaCtYWgte6Qnk79L
Berufliches Gymnasium	Biotechnik (FR Biotechnologie)	191	KAbhPJpdoCc498xPjstA
Berufliches Gymnasium	Lebensmitteltechnologie (FR Biotechnologie)	202	wavc3cwQV3YEYOCqipnH
Berufliches Gymnasium	Ernährungslehre mit Chemie (FR Ernährungswissenschaft)	194	DPj8eW0HYUUhi3UcWYgx
Berufliches Gymnasium	Gesundheit und Soziales (FR Gesundheit und Sozialwesen)	214	isUmFKH63KgVq7HFZuC2
Berufliches Gymnasium	Informatiksysteme (FR Informations- und Kommunikationstechnologie)	207	RsQZwe8OPkpHBsQONmot
Berufliches Gymnasium	Webtechnologie (FR Informations- und Kommunikationstechnologie)	205	UFGduSiHNq0hUnFXZ8hM
Berufliches Gymnasium	Technik (FR Technikwissenschaft)	913	9V3MVAfiEqE5ooaTOsNJ
Berufliches Gymnasium	Englisch - European Business Behaviour and Democracy (FR Wirtschaftswissenschaft)	224	ab7oXbsJESA35rH6jBFk
Berufliches Gymnasium	Geschichte/Gemeinschaftskunde mit bilingualen Modulen (FR Wirtschaftswissenschaft)	870	eGGsUgXvZGNnw40AfeVm
Berufliches Gymnasium	Volks- und Betriebswirtschaftslehre mit Rechnungswesen (FR Wirtschaftswissenschaft)	212	MgLlmGCigQrMTl9Pjbku
Berufliches Gymnasium	Volks- und Betriebswirtschaftslehre mit Rechnungswesen bilingual (FR Wirtschaftswissenschaft)	238	gfqgFontfYedu1VkpIQK
Fachoberschule	Biologie	215	aS0NkVpmdUL6Nh8ZS8n4
Fachoberschule	Chemie	220	snAeSlucpECRckOKvn3Y
Fachoberschule	Deutsch	219	jHKf6f8t6ootUMw6vJZq
Fachoberschule	Englisch	237	uTAbvZQna1wTb4ebSffq
Fachoberschule	Ethik	221	PFQkdshwLFX2QIS56bGS
Fachoberschule	Evangelische Religion	260	VnYmSsXsicHCLUH2MLEo
Fachoberschule	Fachpraktischer Teil der Ausbildung	242	Npr2nHNGOWVMoxoYFgnj
Fachoberschule	Geschichte/Gemeinschaftskunde	217	ucI01AuMGMeEnIZCPgUe
Fachoberschule	Informatik	846	MT8ELkRjfCtCuqHUTw6M
Fachoberschule	Katholische Religion	259	O079456VBVUqoOGOHu6P
Fachoberschule	Kunst	234	K7soK3FfvSdORkMHfZlZ
Fachoberschule	Literatur	228	luSE0jnnAWe6IwbBemru
Fachoberschule	Mathematik	192	SmkLWZ59CcKNjTJcWwER
Fachoberschule	Musik	235	L1IOuCk91wLW9CTXDnrP
Fachoberschule	Physik	225	5nqqeWqbO9htxVPvTdwO
Fachoberschule	Sport	374	2fNFjSeg4wTWAttA9HbZ
Fachoberschule	Agrarbiologie (FR Agrarwirtschaft, Bio- und Umwelttechnologie)	229	wTbtr2a0mMVrbom866Mi
Fachoberschule	Produktionstechnologie (FR Agrarwirtschaft, Bio- und Umwelttechnologie)	227	3odsqEloCbiQGMSJjbIB
Fachoberschule	Kunst- und Kulturgeschichte (FR Gestaltung)	239	tdUobJGkrjTQKbmQwV2e
Fachoberschule	Künstlerisch-ästhetische Praxis (FR Gestaltung)	241	tS39hBlWQFwNwdMxqPcS
Fachoberschule	Gesundheitsförderung und Soziale Arbeit (FR Gesundheit und Soziales)	231	c3gHmXrOGeGlTRfoRYqV
Fachoberschule	Rechtskunde (FR Gesundheit und Soziales)	232	MLtSZDfMl0f2rBXiKbGG
Fachoberschule	Angewandte Physik (FR Technik)	226	FR3Z3s8rhkDmwDfM47dZ
Fachoberschule	Technologie (FR Technik)	223	1BicdD1g6RuUgI1PFfc0
Fachoberschule	Volks- und Betriebswirtschaftslehre mit Rechnungswesen (FR Wirtschaft und Verwaltung)	233	nkm0xZfF925xkuqRQDGE
